{
  "__version__": "1.0.0",
  "builder": {
    "taskOptionsMap": {},
    "__version__": "1.3.7"
  },
  "gizmos-infos": {
    "is2D": false,
    "is3DIcon": false,
    "iconSize": 2,
    "gridVisible": true,
    "gridColor": [
      85,
      85,
      85,
      255
    ],
    "transformToolName": "position",
    "pivot": "pivot",
    "coordinate": "local",
    "toolsVisibility3d": true
  },
  "snap-configs": {
    "position": {
      "x": 1,
      "y": 1,
      "z": 1
    },
    "rotation": 1,
    "scale": 1,
    "isPositionSnapEnabled": false,
    "isRotationSnapEnabled": false,
    "isScaleSnapEnabled": false
  },
  "rect-snap-configs": {
    "enableSnapping": true,
    "snapThreshold": 4
  },
  "float-window": {
    "position": {
      "cc": {
        "Camera": {
          "dock": false,
          "top": null,
          "bottom": 10,
          "left": null,
          "right": 10
        },
        "ParticleSystem": {
          "dock": false,
          "top": null,
          "bottom": 10,
          "left": null,
          "right": 10
        }
      }
    }
  },
  "camera-infos": {
    "4666d799-703a-4488-b4e9-f5a3481c9a06": {
      "position": {
        "x": 0.7661539222259623,
        "y": 8.079089483988648,
        "z": -31.196241632132555
      },
      "rotation": {
        "x": -0.0015508757472504997,
        "y": 0.9919135802473135,
        "z": 0.12631994907440044,
        "w": 0.012178446995174794
      },
      "viewCenter": {
        "x": 0,
        "y": 0,
        "z": 0
      },
      "contentRect": {
        "x": -10409.768049192666,
        "y": -3954.5899217006245,
        "width": 1465,
        "height": 843
      },
      "scale": 0.06037102055780282
    },
    "a7e20d75-5697-4940-b930-828ab4b1966b": {
      "position": {
        "x": 221.30146101725722,
        "y": 1336.6965843396847,
        "z": 5000
      },
      "rotation": {
        "x": 0,
        "y": 0,
        "z": 0,
        "w": 1
      },
      "viewCenter": {
        "x": 320.48138838916117,
        "y": 755.0209821768252,
        "z": 66.05063045294128
      },
      "contentRect": {
        "x": 0,
        "y": 0,
        "width": 1180,
        "height": 751
      },
      "scale": 1
    },
    "19323c5d-5d36-438a-86ee-8288c690e5b0": {
      "position": {
        "x": 19.093517903971414,
        "y": 19.09351790397141,
        "z": 19.093517903971406
      },
      "rotation": {
        "x": -0.27984814233312133,
        "y": 0.3647051996310009,
        "z": 0.11591689595929512,
        "w": 0.8804762392171493
      },
      "viewCenter": {
        "x": 0,
        "y": 0,
        "z": 0
      },
      "contentRect": {
        "x": 0,
        "y": 0,
        "width": 1204,
        "height": 751
      },
      "scale": 1
    },
    "03300a6f-b63e-4917-91d0-b965e8b11989": {
      "position": {
        "x": 1.471913570048538,
        "y": 2.210930320045822,
        "z": 0.1877074102283558
      },
      "rotation": {
        "x": -0.32600713989206914,
        "y": 0.6020162997785541,
        "z": 0.2943165998588489,
        "w": 0.6668384051536453
      },
      "viewCenter": {
        "x": -36.84864366641096,
        "y": -47.28338686760327,
        "z": -3.7379101955584786
      },
      "contentRect": {
        "x": 0,
        "y": 0,
        "width": 1204,
        "height": 751
      },
      "scale": 1
    },
    "964603a2-67df-4be3-a6f0-0ca8add37bfa": {
      "position": {
        "x": -0.2501071317018564,
        "y": 11.800035818134877,
        "z": 13.826224867405635
      },
      "rotation": {
        "x": -0.3513422754393809,
        "y": 0.023832700878981084,
        "z": 0.008946924874530946,
        "w": 0.9359009351385331
      },
      "viewCenter": {
        "x": -1.4101530797995037,
        "y": -8.119762018179006,
        "z": -8.936282455052192
      },
      "contentRect": {
        "x": 0,
        "y": 0,
        "width": 1204,
        "height": 751
      },
      "scale": 1
    },
    "b50fa493-27a0-4cf6-b6c6-7ce4f47b97a6": {
      "position": {
        "x": 363.42444201507436,
        "y": 955.6924863995996,
        "z": 5000
      },
      "rotation": {
        "x": 0,
        "y": 0,
        "z": 0,
        "w": 1
      },
      "viewCenter": {
        "x": 320.48138838916117,
        "y": 755.0209821768252,
        "z": 66.05063045294128
      },
      "contentRect": {
        "x": -362.47187025476325,
        "y": 502.91164710171915,
        "width": 1204,
        "height": 751
      },
      "scale": 0.8293195458144419
    },
    "618ae68d-f2a3-4ec1-8c22-6fa019f8ec76": {
      "position": {
        "x": -12.478189979950777,
        "y": 12.618869140825165,
        "z": -19.360801990448635
      },
      "rotation": {
        "x": 0.025327204006570066,
        "y": 0.9738713491326082,
        "z": 0.1783365257355078,
        "w": -0.13830839332604472
      },
      "viewCenter": {
        "x": -1.6540984271648913,
        "y": -2.1133672049400385,
        "z": 17.978439694926266
      },
      "contentRect": {
        "x": 0,
        "y": 0,
        "width": 850,
        "height": 840
      },
      "scale": 1
    },
    "5e2797ed-5d3a-4635-a2fa-5faba4579681": {
      "position": {
        "x": 0.650824170859451,
        "y": 6.500710357420627,
        "z": 4.973484791949881
      },
      "rotation": {
        "x": -0.4559987474712889,
        "y": -0.015247298530478093,
        "z": -0.007813125800089487,
        "w": 0.889815496185864
      },
      "viewCenter": {
        "x": 0.8937598789536105,
        "y": -3.354973619043419,
        "z": -2.1129788328161925
      },
      "contentRect": {
        "x": 0,
        "y": 0,
        "width": 850,
        "height": 840
      },
      "scale": 1
    }
  },
  "camera-uuids": [
    "4666d799-703a-4488-b4e9-f5a3481c9a06",
    "a7e20d75-5697-4940-b930-828ab4b1966b",
    "19323c5d-5d36-438a-86ee-8288c690e5b0",
    "03300a6f-b63e-4917-91d0-b965e8b11989",
    "964603a2-67df-4be3-a6f0-0ca8add37bfa",
    "b50fa493-27a0-4cf6-b6c6-7ce4f47b97a6",
    "618ae68d-f2a3-4ec1-8c22-6fa019f8ec76",
    "5e2797ed-5d3a-4635-a2fa-5faba4579681"
  ],
  "camera": {
    "color": [
      19,
      18,
      18,
      255
    ],
    "fov": 45,
    "far": 10000,
    "near": 1.71,
    "wheelSpeed": 0.01,
    "wanderSpeed": 10,
    "enableAcceleration": true,
    "size": "__default_design__",
    "far2D": 10000,
    "near2D": 1,
    "wheelSpeed2D": 6,
    "iso": 0,
    "aperture": 19,
    "shutter": 7
  },
  "scene_view": {
    "isSceneLightOn": true,
    "output_device": "__default_design__"
  },
  "game-view": {
    "scaleValue": 56,
    "sliderValue": 26,
    "devicesInfo": {
      "name": "i18n:scene.game_view.design_resolution",
      "type": "design",
      "width": 720,
      "height": 1280
    }
  }
}
