{
  "__version__": "1.0.0",
  "builder": {
    "taskOptionsMap": {},
    "__version__": "1.3.7"
  },
  "gizmos-infos": {
    "is2D": false,
    "is3DIcon": false,
    "iconSize": 2,
    "gridVisible": true,
    "gridColor": [
      166,
      166,
      166,
      255
    ],
    "transformToolName": "position",
    "pivot": "pivot",
    "coordinate": "local",
    "toolsVisibility3d": true
  },
  "snap-configs": {
    "position": {
      "x": 1,
      "y": 1,
      "z": 1
    },
    "rotation": 1,
    "scale": 1,
    "isPositionSnapEnabled": false,
    "isRotationSnapEnabled": false,
    "isScaleSnapEnabled": false
  },
  "rect-snap-configs": {
    "enableSnapping": true,
    "snapThreshold": 4
  },
  "float-window": {
    "position": {
      "cc": {
        "Camera": {
          "dock": false,
          "top": null,
          "bottom": 10,
          "left": null,
          "right": 10
        },
        "ParticleSystem": {
          "dock": false,
          "top": null,
          "bottom": 10,
          "left": null,
          "right": 10
        }
      }
    }
  },
  "camera-infos": {
    "b50fa493-27a0-4cf6-b6c6-7ce4f47b97a6": {
      "position": {
        "x": 3631.1658248677463,
        "y": 3631.165824867746,
        "z": 3631.165824867745
      },
      "rotation": {
        "x": -0.27984814233312133,
        "y": 0.3647051996310009,
        "z": 0.11591689595929512,
        "w": 0.8804762392171493
      },
      "viewCenter": {
        "x": 0,
        "y": 0,
        "z": 0
      },
      "contentRect": {
        "x": 0,
        "y": 0,
        "width": 1467,
        "height": 843
      },
      "scale": 1
    },
    "19323c5d-5d36-438a-86ee-8288c690e5b0": {
      "position": {
        "x": 22.145365034812883,
        "y": 22.145365034812883,
        "z": 22.145365034812883
      },
      "rotation": {
        "x": -0.27984814233312133,
        "y": 0.3647051996310009,
        "z": 0.11591689595929512,
        "w": 0.8804762392171493
      },
      "viewCenter": {
        "x": 0,
        "y": 0,
        "z": 0
      },
      "contentRect": {
        "x": 0,
        "y": 0,
        "width": 2250,
        "height": 1500
      },
      "scale": 1
    },
    "4666d799-703a-4488-b4e9-f5a3481c9a06": {
      "position": {
        "x": 0.7661539222259623,
        "y": 8.079089483988648,
        "z": -31.196241632132555
      },
      "rotation": {
        "x": -0.0015508757472504997,
        "y": 0.9919135802473135,
        "z": 0.12631994907440044,
        "w": 0.012178446995174794
      },
      "viewCenter": {
        "x": 0,
        "y": 0,
        "z": 0
      },
      "contentRect": {
        "x": -10409.768049192666,
        "y": -3954.5899217006245,
        "width": 1465,
        "height": 843
      },
      "scale": 0.06037102055780282
    },
    "03300a6f-b63e-4917-91d0-b965e8b11989": {
      "position": {
        "x": -0.41754871002745375,
        "y": 4.143638775332281,
        "z": -11.391990500276261
      },
      "rotation": {
        "x": 0.005783389830203873,
        "y": 0.9914606429710104,
        "z": 0.1214169551608373,
        "w": -0.04722572223961879
      },
      "viewCenter": {
        "x": 1.2127664484340175,
        "y": -0.12136114270901022,
        "z": 5.6826658606433025
      },
      "contentRect": {
        "x": -10409.768049192666,
        "y": -3954.5899217006245,
        "width": 1465,
        "height": 843
      },
      "scale": 0.06037102055780282
    },
    "618ae68d-f2a3-4ec1-8c22-6fa019f8ec76": {
      "position": {
        "x": -9.719111571320193,
        "y": 6.6487714737050645,
        "z": -8.18785148519535
      },
      "rotation": {
        "x": 0.014211400335149433,
        "y": 0.9760014079284837,
        "z": 0.06711123515159237,
        "w": -0.20667697002462446
      },
      "viewCenter": {
        "x": 2.831599512760649,
        "y": 2.3703821805995497,
        "z": 20.11772417335996
      },
      "contentRect": {
        "x": 0,
        "y": 0,
        "width": 850,
        "height": 771
      },
      "scale": 1
    }
  },
  "camera-uuids": [
    "b50fa493-27a0-4cf6-b6c6-7ce4f47b97a6",
    "19323c5d-5d36-438a-86ee-8288c690e5b0",
    "4666d799-703a-4488-b4e9-f5a3481c9a06",
    "03300a6f-b63e-4917-91d0-b965e8b11989",
    "618ae68d-f2a3-4ec1-8c22-6fa019f8ec76"
  ],
  "camera": {
    "color": [
      48,
      48,
      48,
      255
    ],
    "fov": 45,
    "far": 10000,
    "near": 0.01,
    "wheelSpeed": 0.01,
    "wanderSpeed": 10,
    "enableAcceleration": true,
    "size": "__default_design__",
    "far2D": 10000,
    "near2D": 1,
    "wheelSpeed2D": 6,
    "iso": 0,
    "aperture": 19,
    "shutter": 7
  },
  "scene_view": {
    "isSceneLightOn": true,
    "output_device": "__default_design__"
  },
  "game-view": {
    "scaleValue": 56,
    "sliderValue": 26,
    "devicesInfo": {
      "name": "i18n:scene.game_view.design_resolution",
      "type": "design",
      "width": 720,
      "height": 1280
    }
  }
}
