{
  "__version__": "1.0.0",
  "builder": {
    "taskOptionsMap": {},
    "__version__": "1.3.7"
  },
  "gizmos-infos": {
    "is2D": false,
    "is3DIcon": false,
    "iconSize": 2,
    "gridVisible": true,
    "gridColor": [
      166,
      166,
      166,
      255
    ],
    "transformToolName": "position",
    "pivot": "pivot",
    "coordinate": "local",
    "toolsVisibility3d": true
  },
  "snap-configs": {
    "position": {
      "x": 1,
      "y": 1,
      "z": 1
    },
    "rotation": 1,
    "scale": 1,
    "isPositionSnapEnabled": false,
    "isRotationSnapEnabled": false,
    "isScaleSnapEnabled": false
  },
  "rect-snap-configs": {
    "enableSnapping": true,
    "snapThreshold": 4
  },
  "float-window": {
    "position": {
      "cc": {
        "Camera": {
          "dock": false,
          "top": null,
          "bottom": 10,
          "left": null,
          "right": 10
        }
      }
    }
  },
  "camera-infos": {
    "b50fa493-27a0-4cf6-b6c6-7ce4f47b97a6": {
      "position": {
        "x": 3631.1658248677463,
        "y": 3631.165824867746,
        "z": 3631.165824867745
      },
      "rotation": {
        "x": -0.27984814233312133,
        "y": 0.3647051996310009,
        "z": 0.11591689595929512,
        "w": 0.8804762392171493
      },
      "viewCenter": {
        "x": 0,
        "y": 0,
        "z": 0
      },
      "contentRect": {
        "x": 0,
        "y": 0,
        "width": 1467,
        "height": 843
      },
      "scale": 1
    },
    "03300a6f-b63e-4917-91d0-b965e8b11989": {
      "position": {
        "x": -0.4175487100274542,
        "y": 4.143638775332281,
        "z": -11.391990500276261
      },
      "rotation": {
        "x": 0.0057833898302038726,
        "y": 0.9914606429710104,
        "z": 0.12141695516083728,
        "w": -0.047225722239618774
      },
      "viewCenter": {
        "x": 1.2127664484340175,
        "y": -0.12136114270901022,
        "z": 5.6826658606433025
      },
      "contentRect": {
        "x": 0,
        "y": 0,
        "width": 1465,
        "height": 843
      },
      "scale": 1
    },
    "19323c5d-5d36-438a-86ee-8288c690e5b0": {
      "position": {
        "x": 31.338141950940237,
        "y": 31.338141950940237,
        "z": 31.338141950940237
      },
      "rotation": {
        "x": -0.27984814233312133,
        "y": 0.3647051996310009,
        "z": 0.11591689595929512,
        "w": 0.8804762392171493
      },
      "viewCenter": {
        "x": 0,
        "y": 0,
        "z": 0
      },
      "contentRect": {
        "x": 0,
        "y": 0,
        "width": 1465,
        "height": 799
      },
      "scale": 1
    },
    "618ae68d-f2a3-4ec1-8c22-6fa019f8ec76": {
      "position": {
        "x": 17.94719037375232,
        "y": 17.94719037375232,
        "z": 17.94719037375232
      },
      "rotation": {
        "x": -0.007906968958312496,
        "y": 0.9909464520091585,
        "z": 0.11565739551495406,
        "w": 0.06771983428103065
      },
      "viewCenter": {
        "x": -1.401065855918051,
        "y": -0.9050269015131285,
        "z": 19.198806448953196
      },
      "contentRect": {
        "x": 0,
        "y": 0,
        "width": 1465,
        "height": 799
      },
      "scale": 1
    }
  },
  "camera-uuids": [
    "b50fa493-27a0-4cf6-b6c6-7ce4f47b97a6",
    "03300a6f-b63e-4917-91d0-b965e8b11989",
    "19323c5d-5d36-438a-86ee-8288c690e5b0",
    "618ae68d-f2a3-4ec1-8c22-6fa019f8ec76"
  ],
  "camera": {
    "color": [
      48,
      48,
      48,
      255
    ],
    "fov": 45,
    "far": 10000,
    "near": 0.01,
    "wheelSpeed": 0.01,
    "wanderSpeed": 10,
    "enableAcceleration": true,
    "size": "__default_design__",
    "far2D": 10000,
    "near2D": 1,
    "wheelSpeed2D": 6,
    "iso": 0,
    "aperture": 19,
    "shutter": 7
  },
  "scene_view": {
    "isSceneLightOn": true,
    "output_device": "__default_design__"
  },
  "game-view": {
    "scaleValue": 56,
    "sliderValue": 26,
    "devicesInfo": {
      "name": "i18n:scene.game_view.design_resolution",
      "type": "design",
      "width": 720,
      "height": 1280
    }
  }
}
