{
  "__version__": "1.0.0",
  "builder": {
    "taskOptionsMap": {},
    "__version__": "1.3.7"
  },
  "gizmos-infos": {
    "is2D": false,
    "is3DIcon": false,
    "iconSize": 2,
    "gridVisible": true,
    "gridColor": [
      166,
      166,
      166,
      255
    ],
    "transformToolName": "position",
    "pivot": "pivot",
    "coordinate": "local",
    "toolsVisibility3d": true
  },
  "snap-configs": {
    "position": {
      "x": 1,
      "y": 1,
      "z": 1
    },
    "rotation": 1,
    "scale": 1,
    "isPositionSnapEnabled": false,
    "isRotationSnapEnabled": false,
    "isScaleSnapEnabled": false
  },
  "rect-snap-configs": {
    "enableSnapping": true,
    "snapThreshold": 4
  },
  "float-window": {
    "position": {
      "cc": {
        "Camera": {
          "dock": false,
          "top": null,
          "bottom": 10,
          "left": null,
          "right": 10
        }
      }
    }
  },
  "camera-infos": {
    "19323c5d-5d36-438a-86ee-8288c690e5b0": {
      "position": {
        "x": 11.381529819614745,
        "y": 2.316270339623053,
        "z": 3.2132125577365405
      },
      "rotation": {
        "x": -0.025613477077927726,
        "y": 0.6684227159217714,
        "z": 0.023043091533890465,
        "w": 0.7429832020655586
      },
      "viewCenter": {
        "x": -28.41800570271278,
        "y": -0.4464566179737477,
        "z": -1.003543499336296
      },
      "contentRect": {
        "x": 0,
        "y": 0,
        "width": 799,
        "height": 619
      },
      "scale": 1
    },
    "03300a6f-b63e-4917-91d0-b965e8b11989": {
      "position": {
        "x": -0.0966193861780969,
        "y": 3.073114255028619,
        "z": -4.063175326961433
      },
      "rotation": {
        "x": -0.01696467367178182,
        "y": 0.9402141799858094,
        "z": 0.3368490721522372,
        "w": 0.047351855201237386
      },
      "viewCenter": {
        "x": -1.24068464897115,
        "y": -6.287628256754054,
        "z": 7.266243806160741
      },
      "contentRect": {
        "x": 0,
        "y": 0,
        "width": 1278,
        "height": 843
      },
      "scale": 1
    },
    "618ae68d-f2a3-4ec1-8c22-6fa019f8ec76": {
      "position": {
        "x": 0.6665999684814654,
        "y": 6.065262269857416,
        "z": -10.792798166715434
      },
      "rotation": {
        "x": -0.007259046244722787,
        "y": 0.9875380310087919,
        "z": 0.14974743248047098,
        "w": 0.04787118156474456
      },
      "viewCenter": {
        "x": -0.6950744595007106,
        "y": 1.6952713404896436,
        "z": 3.2192375735743664
      },
      "contentRect": {
        "x": 0,
        "y": 0,
        "width": 1278,
        "height": 843
      },
      "scale": 1
    }
  },
  "camera-uuids": [
    "19323c5d-5d36-438a-86ee-8288c690e5b0",
    "03300a6f-b63e-4917-91d0-b965e8b11989",
    "618ae68d-f2a3-4ec1-8c22-6fa019f8ec76"
  ],
  "camera": {
    "color": [
      48,
      48,
      48,
      255
    ],
    "fov": 45,
    "far": 10000,
    "near": 0.01,
    "wheelSpeed": 0.01,
    "wanderSpeed": 10,
    "enableAcceleration": true,
    "size": "__default_design__",
    "far2D": 10000,
    "near2D": 1,
    "wheelSpeed2D": 6,
    "iso": 0,
    "aperture": 19,
    "shutter": 7
  }
}
