{
  "__version__": "1.0.0",
  "builder": {
    "taskOptionsMap": {},
    "__version__": "1.3.7"
  },
  "gizmos-infos": {
    "is2D": false,
    "is3DIcon": false,
    "iconSize": 2,
    "gridVisible": true,
    "gridColor": [
      166,
      166,
      166,
      255
    ],
    "transformToolName": "position",
    "pivot": "pivot",
    "coordinate": "local",
    "toolsVisibility3d": true
  },
  "snap-configs": {
    "position": {
      "x": 1,
      "y": 1,
      "z": 1
    },
    "rotation": 1,
    "scale": 1,
    "isPositionSnapEnabled": false,
    "isRotationSnapEnabled": false,
    "isScaleSnapEnabled": false
  },
  "rect-snap-configs": {
    "enableSnapping": true,
    "snapThreshold": 4
  },
  "float-window": {
    "position": {
      "cc": {
        "Camera": {
          "dock": false,
          "top": null,
          "bottom": 10,
          "left": null,
          "right": 10
        },
        "ParticleSystem": {
          "dock": false,
          "top": null,
          "bottom": 10,
          "left": null,
          "right": 10
        }
      }
    }
  },
  "camera-infos": {
    "b50fa493-27a0-4cf6-b6c6-7ce4f47b97a6": {
      "position": {
        "x": 3631.1658248677463,
        "y": 3631.165824867746,
        "z": 3631.165824867745
      },
      "rotation": {
        "x": -0.27984814233312133,
        "y": 0.3647051996310009,
        "z": 0.11591689595929512,
        "w": 0.8804762392171493
      },
      "viewCenter": {
        "x": 0,
        "y": 0,
        "z": 0
      },
      "contentRect": {
        "x": 0,
        "y": 0,
        "width": 1467,
        "height": 843
      },
      "scale": 1
    },
    "19323c5d-5d36-438a-86ee-8288c690e5b0": {
      "position": {
        "x": 22.145365034812883,
        "y": 22.145365034812883,
        "z": 22.145365034812883
      },
      "rotation": {
        "x": -0.27984814233312133,
        "y": 0.3647051996310009,
        "z": 0.11591689595929512,
        "w": 0.8804762392171493
      },
      "viewCenter": {
        "x": 0,
        "y": 0,
        "z": 0
      },
      "contentRect": {
        "x": 0,
        "y": 0,
        "width": 2250,
        "height": 1500
      },
      "scale": 1
    },
    "4666d799-703a-4488-b4e9-f5a3481c9a06": {
      "position": {
        "x": 0.7661539222259623,
        "y": 8.079089483988648,
        "z": -31.196241632132555
      },
      "rotation": {
        "x": -0.0015508757472504997,
        "y": 0.9919135802473135,
        "z": 0.12631994907440044,
        "w": 0.012178446995174794
      },
      "viewCenter": {
        "x": 0,
        "y": 0,
        "z": 0
      },
      "contentRect": {
        "x": -10409.768049192666,
        "y": -3954.5899217006245,
        "width": 1465,
        "height": 843
      },
      "scale": 0.06037102055780282
    },
    "618ae68d-f2a3-4ec1-8c22-6fa019f8ec76": {
      "position": {
        "x": -0.5496939179108085,
        "y": 5.079664699516506,
        "z": -12.443254279886922
      },
      "rotation": {
        "x": 0.00762352879066177,
        "y": 0.9923488470053106,
        "z": 0.0907739587137506,
        "w": -0.0833410827590029
      },
      "viewCenter": {
        "x": 8.561331275973608,
        "y": -4.998258720273939,
        "z": 41.41700498999131
      },
      "contentRect": {
        "x": 0,
        "y": 0,
        "width": 1180,
        "height": 943
      },
      "scale": 1
    },
    "03300a6f-b63e-4917-91d0-b965e8b11989": {
      "position": {
        "x": 0.559310897262927,
        "y": 4.442317467364951,
        "z": -0.03746052977850667
      },
      "rotation": {
        "x": -0.09374157930997415,
        "y": 0.7007387114912768,
        "z": 0.7009969791449009,
        "w": 0.09370704218862311
      },
      "viewCenter": {
        "x": 0.5653835062712821,
        "y": -58.27580176608707,
        "z": -0.059759899131328675
      },
      "contentRect": {
        "x": 0,
        "y": 0,
        "width": 1180,
        "height": 943
      },
      "scale": 1
    },
    "964603a2-67df-4be3-a6f0-0ca8add37bfa": {
      "position": {
        "x": -0.2501071317018568,
        "y": 11.800035818134877,
        "z": 13.826224867405637
      },
      "rotation": {
        "x": -0.3513422754393809,
        "y": 0.02383270087898108,
        "z": 0.008946924874530946,
        "w": 0.9359009351385331
      },
      "viewCenter": {
        "x": -1.4101530797995037,
        "y": -8.119762018179006,
        "z": -8.936282455052192
      },
      "contentRect": {
        "x": 0,
        "y": 0,
        "width": 1180,
        "height": 943
      },
      "scale": 1
    }
  },
  "camera-uuids": [
    "b50fa493-27a0-4cf6-b6c6-7ce4f47b97a6",
    "19323c5d-5d36-438a-86ee-8288c690e5b0",
    "4666d799-703a-4488-b4e9-f5a3481c9a06",
    "618ae68d-f2a3-4ec1-8c22-6fa019f8ec76",
    "03300a6f-b63e-4917-91d0-b965e8b11989",
    "964603a2-67df-4be3-a6f0-0ca8add37bfa"
  ],
  "camera": {
    "color": [
      48,
      48,
      48,
      255
    ],
    "fov": 45,
    "far": 10000,
    "near": 0.01,
    "wheelSpeed": 0.01,
    "wanderSpeed": 10,
    "enableAcceleration": true,
    "size": "__default_design__",
    "far2D": 10000,
    "near2D": 1,
    "wheelSpeed2D": 6,
    "iso": 0,
    "aperture": 19,
    "shutter": 7
  },
  "scene_view": {
    "isSceneLightOn": true,
    "output_device": "__default_design__"
  },
  "game-view": {
    "scaleValue": 56,
    "sliderValue": 26,
    "devicesInfo": {
      "name": "i18n:scene.game_view.design_resolution",
      "type": "design",
      "width": 720,
      "height": 1280
    }
  }
}
