{
  "__type__": "cc.SpriteFrame",
  "content": {
    "name": "logo-social",
    "atlas": "",
    "rect": {
      "x": 1,
      "y": 0,
      "width": 210,
      "height": 205
    },
    "offset": {
      "x": 0,
      "y": 1
    },
    "originalSize": {
      "width": 212,
      "height": 207
    },
    "rotated": false,
    "capInsets": [
      0,
      0,
      0,
      0
    ],
    "vertices": {
      "rawPosition": [
        -105,
        -102.5,
        0,
        105,
        -102.5,
        0,
        -105,
        102.5,
        0,
        105,
        102.5,
        0
      ],
      "indexes": [
        0,
        1,
        2,
        2,
        1,
        3
      ],
      "uv": [
        1,
        207,
        211,
        207,
        1,
        2,
        211,
        2
      ],
      "nuv": [
        0.0047169811320754715,
        0.00966183574879227,
        0.9952830188679245,
        0.00966183574879227,
        0.0047169811320754715,
        1,
        0.9952830188679245,
        1
      ],
      "minPos": {
        "x": -105,
        "y": -102.5,
        "z": 0
      },
      "maxPos": {
        "x": 105,
        "y": 102.5,
        "z": 0
      }
    },
    "texture": "92a4fea1-0f7d-4e8b-928d-e5713f8042ac@6c48a",
    "packable": true,
    "pixelsToUnit": 100,
    "pivot": {
      "x": 0.5,
      "y": 0.5
    },
    "meshType": 0
  }
}