{
  "__type__": "cc.SpriteFrame",
  "content": {
    "name": "star",
    "atlas": "",
    "rect": {
      "x": 44,
      "y": 50,
      "width": 425,
      "height": 425
    },
    "offset": {
      "x": 0.5,
      "y": -6.5
    },
    "originalSize": {
      "width": 512,
      "height": 512
    },
    "rotated": false,
    "capInsets": [
      0,
      0,
      0,
      0
    ],
    "vertices": {
      "rawPosition": [
        -212.5,
        -212.5,
        0,
        212.5,
        -212.5,
        0,
        -212.5,
        212.5,
        0,
        212.5,
        212.5,
        0
      ],
      "indexes": [
        0,
        1,
        2,
        2,
        1,
        3
      ],
      "uv": [
        44,
        462,
        469,
        462,
        44,
        37,
        469,
        37
      ],
      "nuv": [
        0.0859375,
        0.072265625,
        0.916015625,
        0.072265625,
        0.0859375,
        0.90234375,
        0.916015625,
        0.90234375
      ],
      "minPos": {
        "x": -212.5,
        "y": -212.5,
        "z": 0
      },
      "maxPos": {
        "x": 212.5,
        "y": 212.5,
        "z": 0
      }
    },
    "texture": "12ed0ace-0fc6-4c44-aa06-4a4a91ca86a4@6c48a",
    "packable": true,
    "pixelsToUnit": 100,
    "pivot": {
      "x": 0.5,
      "y": 0.5
    },
    "meshType": 0
  }
}